file	pdf_extract_0_12_0	pdf_extract_0_12_1
2608.26208v2.pdf	812cfb0605651844 12580	3da2b08ceadaa997 12581
2608.28849v1.pdf	8f4b896b5fa6ba3d 7469	8f4b896b5fa6ba3d 7469
2608.31004v1.pdf	ff89920ba2a1c81b 128399	536ddc62d3713dd7 128317
2609.01357v1.pdf	c32926d16c02fbb7 9813	c32926d16c02fbb7 9813
2609.02344v1.pdf	657a614ff9cdb469 6461	657a614ff9cdb469 6461
2609.03058v1.pdf	53c3ed8f79aee282 10213	53c3ed8f79aee282 10213
2609.04509v1.pdf	3acab2b760f83cb8 21017	c5a8a60182f76222 21012
2609.04658v1.pdf	66563be00d3b764b 2515	66563be00d3b764b 2515
2609.05784v1.pdf	4e65ce1374935f02 20785	e8a9a41946dc39f9 20763
2609.07500v1.pdf	f7a8f1e5ea45d182 7474	f7a8f1e5ea45d182 7474
2609.08165v1.pdf	b4f08c7224a5b5e8 7637	b4f08c7224a5b5e8 7637
2609.11877v1.pdf	f72d4ab5724909c2 21852	5c649e4b92dd5a18 22874
2609.14970v1.pdf	fa41c7c985b13b71 11910	93beefa36270216e 11914
2609.16925v1.pdf	93f58727a36e1aac 4451	93f58727a36e1aac 4451
2609.17599v1.pdf	434125edae99378f 12253	434125edae99378f 12253
2609.17620v1.pdf	dacaf755018235bd 2677	dacaf755018235bd 2677
2609.17801v1.pdf	9f5432a3a565e874 4342	d53f89468cf4677f 4320
2609.18372v1.pdf	546f24c2ef108780 2844	546f24c2ef108780 2844
2609.18431v1.pdf	e0f879fd0d6c8148 4432	e0f879fd0d6c8148 4432
2609.19139v1.pdf	7dd5c4ed3b839de2 5745	7dd5c4ed3b839de2 5745
2609.19569v2.pdf	9c91a6eabff83a55 8462	9c91a6eabff83a55 8462
2609.21115v2.pdf	db664b3e9e607a8e 16053	ebd8ce9104bbd292 16192
2609.22187v1.pdf	f8f8ba1a8b36688a 10530	6920119b19df7e71 10516
2609.27207v1.pdf	c2060ea84050dc5a 7241	c2060ea84050dc5a 7241
2609.28386v1.pdf	PANIC	PANIC
2609.28557v1.pdf	c5be804854481b78 15823	c5be804854481b78 15823
2609.30013v1.pdf	33fea3af656fc5c5 2930	33fea3af656fc5c5 2930
2609.30504v1.pdf	95af61906304dcc2 16941	95af61906304dcc2 16941
2609.30528v1.pdf	f0988de5ac503025 40582	14b5426783a4c681 40718
2609.30617v1.pdf	53a3687561d32f12 18177	44dfe6030b8d1911 18175
2609.31013v1.pdf	8b28567dca22ec54 20247	8b28567dca22ec54 20247
2609.31442v3.pdf	adb6132cb489e17b 58103	adb6132cb489e17b 58103
2609.31561v1.pdf	1d1c53b8ccca39e3 18082	1d1c53b8ccca39e3 18082
2609.31958v1.pdf	22023266550ca716 15326	22023266550ca716 15326
2609.31959v2.pdf	29fc135c22408388 19380	3698609804ed3f6a 19371
2609.32076v1.pdf	8d203835eb955a03 29911	8d203835eb955a03 29911
2609.32238v1.pdf	82c66026639dadf7 16603	99a0a11890ea7739 16597
2609.32369v1.pdf	77c9c6b3d34712c4 21069	77c9c6b3d34712c4 21069
2609.32527v1.pdf	57abc975134a0b29 9968	ed962a00dd1eae37 9971
2609.32725v1.pdf	15c03b157e8f3e6a 21605	109c2c15208e62d2 21636
2609.33058v1.pdf	34bea47b5d0efcdb 14330	34bea47b5d0efcdb 14330
2609.33418v1.pdf	6241202d7e68c0f8 42914	6241202d7e68c0f8 42914
2609.33471v1.pdf	2708d31dc056e2a4 9362	2708d31dc056e2a4 9362
2609.33859v1.pdf	36793f6afae4eae9 4286	36793f6afae4eae9 4286
2609.34079v1.pdf	53c1b1760e221400 11745	53c1b1760e221400 11745
2609.34474v1.pdf	6cf9d2227f0d04db 20788	6cf9d2227f0d04db 20788
2609.35011v1.pdf	04517b9cceac847a 5625	04517b9cceac847a 5625
2609.35877v1.pdf	cc059a4b0fa56f9b 13062	cc059a4b0fa56f9b 13062
2609.36177v1.pdf	380431015c0879a5 23626	380431015c0879a5 23626
2609.36280v1.pdf	361d164cc951e389 18863	086130635639740a 18862
2609.36445v1.pdf	cb1f4f6e6de20e8f 13379	cb1f4f6e6de20e8f 13379
2609.36824v1.pdf	2db06afd4c063820 15914	2db06afd4c063820 15914
2609.37168v1.pdf	f0a24520a0340e71 17668	f0a24520a0340e71 17668
2609.37412v1.pdf	c9aa0a1105d41baf 22763	c9aa0a1105d41baf 22763
2609.37477v1.pdf	28977833af7a9b00 16979	28977833af7a9b00 16979
2609.37735v1.pdf	57e0d0c98b18d512 9335	57e0d0c98b18d512 9335
2609.38651v1.pdf	b1e119e06abc0137 6024	b1e119e06abc0137 6024
2609.38692v1.pdf	a44aaaf3af504dd6 8352	a44aaaf3af504dd6 8352
2609.38765v1.pdf	3ac32269d045e119 10886	3ac32269d045e119 10886
2609.38875v1.pdf	fc544d003d9470b3 22773	fc544d003d9470b3 22773
2609.38908v1.pdf	7e2abb309d91ef1e 16053	3de22dbba8808ad1 16020
2609.39830v1.pdf	07210b518b59edc2 3210	07210b518b59edc2 3210
2609.40143v1.pdf	70f9da7082030992 3163	70f9da7082030992 3163
2609.40156v1.pdf	b1df45dfc673761d 38310	3cfc37da0ae7c655 38314
2610.00283v1.pdf	a08b95ba0e1ae8e3 10407	a91ed0b32c994c19 10486
2610.00581v1.pdf	b291fd611b2e3de2 28349	b291fd611b2e3de2 28349
2610.01464v1.pdf	1534de4e472ec33a 23582	1534de4e472ec33a 23582
2610.01465v1.pdf	6b2ef1b851802cdc 10325	6b2ef1b851802cdc 10325
2610.01654v1.pdf	8b6144cfb3b22aae 34474	8b6144cfb3b22aae 34474
2610.01935v2.pdf	950f9ccd703d2dc2 32044	950f9ccd703d2dc2 32044
2610.02232v1.pdf	PANIC	PANIC
2610.02290v1.pdf	30dbfc9740978787 35952	PANIC
2610.02629v1.pdf	e5202cacdba0d32c 13914	e5202cacdba0d32c 13914
2610.02783v1.pdf	dc284985d8031496 6132	4e8bce846544a53c 6124
2610.02938v1.pdf	7ae8022c115bf237 11691	7ae8022c115bf237 11691
2610.02944v1.pdf	22bd4c56e310f695 11878	22bd4c56e310f695 11878
2610.02956v1.pdf	PANIC	e4cd212ca4e9b633 22871
2610.03075v1.pdf	c3f9de49bdd9f783 10656	c3f9de49bdd9f783 10656
2610.03161v1.pdf	b6ca358105a34dab 16897	b6ca358105a34dab 16897
2610.03635v1.pdf	4b6d18fbfd6b17ec 9958	4b6d18fbfd6b17ec 9958
2610.03793v1.pdf	181f9584df91d18d 14414	181f9584df91d18d 14414
2610.03815v1.pdf	16e0a3e5fc7b4cde 10909	16e0a3e5fc7b4cde 10909
2610.03895v1.pdf	c286aa690b83a618 10362	a7b51b303ccb6d03 10361
2610.03974v1.pdf	fa0f0474b0fc9b66 16618	fa0f0474b0fc9b66 16618
2610.03987v1.pdf	7cfec0b3c4d95517 17744	6857f783ce1c9361 15506
2610.04050v1.pdf	b974abcd882a8e43 9044	3da7da65c173f594 9035
2610.04081v1.pdf	PANIC	8c35660202ddc6d9 6959
2610.04114v1.pdf	bdf0c6a30b9d9da3 16625	bdf0c6a30b9d9da3 16625
2610.04146v1.pdf	cd62bcd05eff98dd 18288	cd62bcd05eff98dd 18288
2610.04217v1.pdf	bc807ce1eb8de1b9 34767	bc807ce1eb8de1b9 34767
2610.04221v1.pdf	e4ea52ddb61a065a 15054	e4ea52ddb61a065a 15054
2610.04223v1.pdf	9feb89adc871caac 31691	9feb89adc871caac 31691
2610.04358v1.pdf	9f8bc078a0c6ae45 11041	ab1f98edb4936ec5 10918
2610.04497v1.pdf	d33251fff1291b77 80019	85d1c7571833d317 79875
2610.04655v1.pdf	f5001199f78cf066 14801	8085589744afc5c8 14794
2610.04763v1.pdf	406d9de8745ebb7b 10279	d46f97af45b5bf5a 10296
2610.04919v1.pdf	0b19c9f8c7e4540d 7535	ef709ce4b83f770c 7620
2610.04945v1.pdf	2e5a13eb129e1fa3 15740	2e5a13eb129e1fa3 15740
2610.04982v1.pdf	77f24580a89ee539 28056	77f24580a89ee539 28056
2610.04986v1.pdf	67c2fcff59bdde57 9348	67c2fcff59bdde57 9348
2610.05196v1.pdf	7718a338469bd8e5 33788	7718a338469bd8e5 33788
2610.05287v2.pdf	4379b7fd24fe4eb6 14029	e0a1f187e5d33a6f 14487
2610.05358v1.pdf	4d0ceb20f6571979 9144	8d92208443fa90cd 9143
2610.05405v1.pdf	59e5248fbc8b6896 22796	7827f187b5b32e3e 22702
2610.05486v1.pdf	PANIC	ec8eaf36e008c91b 39350
2610.05535v1.pdf	ef94db96961b2c34 22362	88f30f8e8e8d0651 22289
2610.05618v1.pdf	b9fdd333d2649f55 30835	b9fdd333d2649f55 30835
2610.05705v1.pdf	2e16678b1147cba0 15373	2e16678b1147cba0 15373
2610.05741v1.pdf	9e32357392887b93 15559	9e32357392887b93 15559
2610.05926v1.pdf	6b7f2c2335a7e543 19337	6b7f2c2335a7e543 19337
2610.05951v1.pdf	e7967c8294217357 7861	f8ead1edb19d0193 7872
2610.06082v1.pdf	ce2ed0ac22c568fc 7443	ce2ed0ac22c568fc 7443
2610.06088v1.pdf	e5b8b93f0af31601 8777	74b8d52633dadb4a 10446
2610.06119v1.pdf	d2b7507ccd656329 24028	d2b7507ccd656329 24028
2610.06209v1.pdf	ee4d81c0aae12057 17241	ca455ab7b9c61765 17225
2610.06254v1.pdf	3882c9cc6b26b669 12550	3882c9cc6b26b669 12550
2610.06279v1.pdf	c002d9c3fb8411fa 5661	2d4241bd341942f1 5895
2610.06332v1.pdf	PANIC	PANIC
2610.06391v1.pdf	4162fe8bf56ea5e0 6667	6a40f6614eeb1201 6673
2610.06412v1.pdf	7a6d0f1f04323baf 22408	db678129a05b7c71 22396
2610.06416v1.pdf	15b5427cd273644c 14012	15b5427cd273644c 14012
2610.06477v1.pdf	d577355cffa85ccd 4229	d577355cffa85ccd 4229
2610.06528v1.pdf	8959b673e980683d 5555	8959b673e980683d 5555
2610.06566v1.pdf	32c76d22a99eb9a2 8333	075389441672cd2f 8326
2610.06583v1.pdf	baa4935794c546d0 4875	baa4935794c546d0 4875
2610.06599v1.pdf	23300977ddc525f1 1963	23300977ddc525f1 1963
2610.06613v1.pdf	cc9b25c77ebadbe3 12614	061d53f3df1b799f 12610
2610.06618v1.pdf	c200d2f237ba0df7 3766	c200d2f237ba0df7 3766
2610.06630v1.pdf	e99b41210ea0adc1 4319	e99b41210ea0adc1 4319
2610.06656v1.pdf	74e74df10d4d43c2 3472	ef925a432fa0613f 3477
2610.06711v1.pdf	755257c7c9f1f86e 6944	e56151e4d9ee87ba 6909
2610.06759v1.pdf	e88fd4eff6f17db4 5711	e88fd4eff6f17db4 5711
2610.06780v1.pdf	97c4b7aad1903778 15677	97c4b7aad1903778 15677
2610.06832v2.pdf	aa5fd924c6d8b3ca 21559	aa5fd924c6d8b3ca 21559
2610.06839v1.pdf	2910eadf309f7b0d 6768	2910eadf309f7b0d 6768
2610.07133v1.pdf	f73b775d8ad84e84 8367	12192e31818dca66 8350
2610.07149v1.pdf	3cfbdba7b76bb1f8 18698	3cfbdba7b76bb1f8 18698
2610.07161v1.pdf	487d292dfe9872d1 14832	287deb5ec7ffb6eb 14830
2610.07178v1.pdf	844c52d1fe4fe86b 11389	844c52d1fe4fe86b 11389
2610.07181v1.pdf	e5b1997e43f7eb85 11242	c546a2a52424ed20 11228
2610.07185v1.pdf	f5b925d85915fc47 10717	f5b925d85915fc47 10717
2610.07188v1.pdf	288edff7ba4f9e48 5898	288edff7ba4f9e48 5898
2610.07202v1.pdf	909f64e495069128 14279	bfe255c4566c238d 14130
2610.07213v1.pdf	ec0881f0b274a60a 10566	ec0881f0b274a60a 10566
2610.07235v1.pdf	8902c98e642794c6 8415	8902c98e642794c6 8415
2610.07316v1.pdf	91c81aeef4be87ef 25198	6c217ec2c1fd01d9 25198
2610.07363v1.pdf	b09a83697f380095 15626	7c44a44471f29e87 15626
2610.07395v1.pdf	bee6364ad3258f6a 7733	a0fc398949224b57 7846
2610.07404v1.pdf	c23d5eb20bd1a96c 12628	c23d5eb20bd1a96c 12628
2610.07408v1.pdf	3e313195e0d9897c 16406	3e313195e0d9897c 16406
2610.07420v1.pdf	7d4250b7709b5359 4983	7d4250b7709b5359 4983
2610.07428v1.pdf	2a31a57bf23ac016 10943	89c77fb4da15ce3b 11316
2610.07438v1.pdf	1b65f77a41d4cc72 7616	0594ce2dff065996 7804
2610.07462v1.pdf	70ac6ea89fe567b5 4640	815d6d728cb78d01 4673
2610.07529v1.pdf	e2645ff3e5f0600f 34083	ccdce63f06aab944 34348
2610.07584v1.pdf	5aa15c7fdbd284e2 18338	5aa15c7fdbd284e2 18338
2610.07589v1.pdf	b5f457fa0172787c 21239	b5f457fa0172787c 21239
2610.07595v1.pdf	1c415ea52900e7e2 13115	c3cf1bd9d408e698 13104
2610.07633v1.pdf	82872504dc22841c 3439	82872504dc22841c 3439
2610.07636v1.pdf	239bd91819dea8e5 7208	8c3338fe34c80de3 7195
2610.07670v1.pdf	6d01d055ba2c9c44 3828	6d01d055ba2c9c44 3828
2610.07813v1.pdf	71cadf8e5b309c4d 6021	71cadf8e5b309c4d 6021
2610.07824v1.pdf	851bd83eb1521f2c 9910	851bd83eb1521f2c 9910
2610.07829v1.pdf	0773eb1b79a3234b 11701	c27d5f81979d353f 11701
2610.07861v1.pdf	PANIC	PANIC
2610.07877v1.pdf	ccc0bb0a4741f581 12733	ccc0bb0a4741f581 12733
2610.07885v1.pdf	PANIC	724227607cc818b5 12338
2610.07888v1.pdf	6abf3f2cb346e467 11431	73eb4fbcdd3d0d43 11868
2610.07951v1.pdf	181347271460a244 8261	181347271460a244 8261
2610.07965v1.pdf	92908f62937f9f14 10994	ee9ca72792b5fdd6 10969
2610.07994v1.pdf	253f561956b400a8 5275	253f561956b400a8 5275
2610.08005v1.pdf	f5f02a5973cd7d9b 4031	f5f02a5973cd7d9b 4031
2610.08008v1.pdf	4834f0f76a89c33b 11591	953aa845df560898 11607
2610.08017v1.pdf	2cce90e160d743cf 14602	2cce90e160d743cf 14602
2610.08041v1.pdf	PANIC	28ae10889d40cf53 11251
2610.08047v1.pdf	99ef602603187d3a 14521	861af8f0d4689e22 14525
2610.08056v1.pdf	86230af2d206682f 11184	86230af2d206682f 11184
2610.08059v1.pdf	8ed82bcd8f48ef70 7583	8ed82bcd8f48ef70 7583
2610.08065v1.pdf	c35176ff48894ced 12390	ab9a789343be166e 12392
2610.08073v1.pdf	e10968148555ba37 12815	e10968148555ba37 12815
2610.08080v1.pdf	42788ffd41865ddb 3302	42788ffd41865ddb 3302
2610.08092v1.pdf	ee8dcf0730e0a4cd 13747	c11ebb1639d533a2 13747
2610.08100v1.pdf	8bdba8c8e20c9c81 11385	8bdba8c8e20c9c81 11385
2610.08128v1.pdf	cdc50796255a864d 15934	cdc50796255a864d 15934
2610.08132v1.pdf	b3679fc331d19a9c 13050	b3679fc331d19a9c 13050
2610.08152v1.pdf	d16e678c7ff8c579 13126	d16e678c7ff8c579 13126
2610.08194v1.pdf	a34b29942a949159 25134	533a9f300eabcd26 25156
2610.08197v1.pdf	ec86d1ef069b6b10 19672	ec86d1ef069b6b10 19672
2610.08210v1.pdf	abe99b5bf9791732 10859	abe99b5bf9791732 10859
2610.08213v1.pdf	45f21cfbb76be311 10657	45f21cfbb76be311 10657
2610.08223v1.pdf	21269d6cc74b274a 7676	9fde23a0ad52836d 7619
2610.08267v1.pdf	823b81bc2b3af7e5 4856	e3f33d74df3d9c6e 4856
2610.08269v1.pdf	dfa68e7946b01ad2 8013	dfa68e7946b01ad2 8013
2610.08292v1.pdf	2d8515e0d26d4e99 26079	8eab820597f48a21 26119
2610.08317v1.pdf	ace594a01f0d76e2 19273	99a2f880b1045bf9 19277
2610.08321v1.pdf	7f62e2e44a3ec595 24142	96f97cea0e6285fe 24125
2610.08325v1.pdf	14b7d2b5c1377ab9 19763	9009cb03cfca3103 20306
2610.08343v1.pdf	a592428026ef5ded 17328	6674ab45856547f6 17943
2610.08345v1.pdf	380735d06397ddba 6804	380735d06397ddba 6804
2610.08352v1.pdf	c9995eb409d0693e 5085	c9995eb409d0693e 5085
2610.08376v1.pdf	6fec17c02ec33510 1979	6fec17c02ec33510 1979
2610.08386v1.pdf	19d2cf6fac7a79bc 13900	19d2cf6fac7a79bc 13900
2610.08409v1.pdf	af3eb89a2158327a 15183	af3eb89a2158327a 15183
2610.08410v1.pdf	5e3e732df027c754 17380	5e3e732df027c754 17380
2610.08453v1.pdf	48d77f4f8345a6a2 15364	48d77f4f8345a6a2 15364
2610.08461v1.pdf	4b578ac4310b3c07 4723	4b578ac4310b3c07 4723
2610.08464v1.pdf	eff323a071d5a897 2139	eff323a071d5a897 2139
2610.08471v1.pdf	fc475d21af49ad77 6936	fc475d21af49ad77 6936
2610.08481v1.pdf	2610bd21ba4c8fa2 8061	2610bd21ba4c8fa2 8061
2610.08550v1.pdf	2253f4657d4bd505 5349	d7eca9330750c67f 5388
2610.08558v1.pdf	1e28629938ff8663 39677	1e28629938ff8663 39677
2610.08571v1.pdf	6546a7fee8436e8f 7815	6546a7fee8436e8f 7815
2610.08602v1.pdf	ead4529270537d06 21008	2da17d2f6d162c26 21034
2610.08668v1.pdf	b82937336372d29d 8674	b82937336372d29d 8674
2610.08678v1.pdf	ddcd29c9b7a73366 13931	80890b1596516a48 13943
2610.08696v1.pdf	36164a1a2a8401f4 12551	33d5ea7b9782a875 12459
2610.08711v1.pdf	75e2ed1c8b9199b2 8474	75e2ed1c8b9199b2 8474
2610.08715v1.pdf	9d2dbfd761fcaf5d 9294	9d2dbfd761fcaf5d 9294
2610.08730v2.pdf	c06d67c454f8ec82 8624	c06d67c454f8ec82 8624
2610.08739v2.pdf	78c2c2b19a8cef4e 13041	78c2c2b19a8cef4e 13041
2610.08744v1.pdf	47cc52f68722c1ee 4793	abb548c2e41b4361 4799
2610.08758v1.pdf	e1507bc45d717d74 16453	9130a8cf85e0b4ee 16439
2610.08771v1.pdf	PANIC	PANIC
2610.08786v1.pdf	506a3678bdd0e422 9156	506a3678bdd0e422 9156
2610.08869v1.pdf	ef50f913ae3cbb37 20846	ef50f913ae3cbb37 20846
2610.08895v1.pdf	63acb7f520aad16d 7181	63acb7f520aad16d 7181
2610.08922v1.pdf	PANIC	e69fd3ba5dd7090d 17007
2610.08928v1.pdf	dbce6146c2fc88cb 12765	dbce6146c2fc88cb 12765
2610.08951v1.pdf	3c81f842fc799f2b 13499	3c81f842fc799f2b 13499
2610.08973v1.pdf	8c0321309bd90dd5 7963	f284d2044c1e093f 7962
2610.08974v1.pdf	b93c05c025e8be68 13797	54faf09042567bb1 13793
2610.08977v1.pdf	f57a834da31c12fd 3489	f57a834da31c12fd 3489
2610.08982v1.pdf	36deb4c7f28b6f52 4595	36deb4c7f28b6f52 4595
2610.08992v1.pdf	39a7d3bad33d8ede 5900	39a7d3bad33d8ede 5900
2610.09000v1.pdf	c6d862a80e1c81bf 3322	c6d862a80e1c81bf 3322
2610.09004v1.pdf	23f210bb473afa85 10206	23f210bb473afa85 10206
2610.09007v1.pdf	59e894f69fc0afd8 4516	59e894f69fc0afd8 4516
2610.09010v1.pdf	add626c30ed977b1 4241	147e79ace9657b52 4239
2610.09012v1.pdf	a88bc1c8a0bb98c9 5310	a88bc1c8a0bb98c9 5310
2610.09018v1.pdf	808275f283aed9ac 12495	808275f283aed9ac 12495
2610.09019v1.pdf	0184bcdd03c23a3a 21158	0184bcdd03c23a3a 21158
2610.09027v1.pdf	a6940aaf63ded2ef 14088	356e5335e4148ddb 13886
2610.09029v1.pdf	6f0e5504643214db 7392	b4d3d3d8359125b0 7431
2610.09033v1.pdf	1812e5126daf054f 5835	1812e5126daf054f 5835
2610.09038v1.pdf	0c687d273adb030b 22539	0c687d273adb030b 22539
2610.09044v1.pdf	5ca2089077662ab8 32570	e81154b29ffb948c 32585
2610.09052v1.pdf	b385ecb2a341aeed 11833	b385ecb2a341aeed 11833
2610.09054v1.pdf	9ebfa6b41a0d35b6 12788	6253adb3a9b07b71 12833
2610.09070v1.pdf	3a159389fc983875 13083	3a159389fc983875 13083
2610.09076v1.pdf	199400e54617ff83 12326	199400e54617ff83 12326
2610.09080v1.pdf	109bf265b6993a46 4666	109bf265b6993a46 4666
2610.09081v1.pdf	90aab95a8842d62c 5785	440fb2032757a78c 5785
2610.09094v1.pdf	443787fb80c0b5f1 14143	443787fb80c0b5f1 14143
2610.09100v1.pdf	2d4bce0a482115c9 23227	2d4bce0a482115c9 23227
2610.09110v1.pdf	fbf92b5ad6dd40b4 7493	fbf92b5ad6dd40b4 7493
2610.09121v1.pdf	a44ba16f1d2c1752 55513	a44ba16f1d2c1752 55513
2610.09123v1.pdf	1861d456529dc75f 31462	5f8e3aac41c37b5d 31460
2610.09128v1.pdf	8265c0b93a6e6b02 13973	8265c0b93a6e6b02 13973
2610.09135v1.pdf	408ee5ae354a1227 5577	408ee5ae354a1227 5577
2610.09138v1.pdf	ab03eaebe6a5e4d3 6961	fb645215b831fcb9 6961
2610.09153v1.pdf	e7de78a5d001f072 21720	e7de78a5d001f072 21720
2610.09161v1.pdf	6bc2d382ab0dd55e 3467	a0e3c722ef2e093c 3491
2610.09172v1.pdf	9bf3a1398589842c 15830	7d50b0f50b7e8ab0 15729
2610.09180v1.pdf	c3d5b3039cea2174 6063	c3d5b3039cea2174 6063
2610.09182v1.pdf	2c2ab5b53ec5d531 4730	2c2ab5b53ec5d531 4730
2610.09208v1.pdf	PANIC	b07669d089f2a4e6 27689
2610.09214v1.pdf	c760787cfacffe93 9974	c760787cfacffe93 9974
2610.09225v1.pdf	b491ecac78193f45 16376	b491ecac78193f45 16376
2610.09234v1.pdf	726c278ccd2b87ea 22437	726c278ccd2b87ea 22437
2610.09240v1.pdf	a42d8879a40ab510 12280	17dae60eb1dd5f90 12252
2610.09246v1.pdf	5e58fe341775fb38 16903	5e58fe341775fb38 16903
2610.09258v1.pdf	21f165b70ba77cf5 24531	56bc9f95d1610c9e 24541
2610.09259v1.pdf	45c0f836d5c5e4d9 7594	45c0f836d5c5e4d9 7594
2610.09264v1.pdf	8ace9a13ef75a217 13625	8ace9a13ef75a217 13625
2610.09278v1.pdf	e2f5d17bf564fa09 13776	e2f5d17bf564fa09 13776
2610.09323v1.pdf	009ccf6dbd6fae95 14225	2fa5ca20af4f4a08 14279
2610.09334v1.pdf	1223fdafea3377c8 4530	1223fdafea3377c8 4530
2610.09337v1.pdf	8592c1bed9ad1ed8 4846	8592c1bed9ad1ed8 4846
2610.09339v1.pdf	PANIC	39d13f624eb9b915 27471
2610.09351v1.pdf	244b90e7e2cf8f29 22838	244b90e7e2cf8f29 22838
2610.09359v1.pdf	a44f693c24ec667a 6498	a44f693c24ec667a 6498
2610.09380v1.pdf	da6c90b81a7c293f 24118	da6c90b81a7c293f 24118
2610.09381v1.pdf	d693b687f23610b0 11194	d693b687f23610b0 11194
2610.09391v1.pdf	27f94022604b85cd 14775	6e49cb455dcc569d 14782
2610.09394v1.pdf	5912313d6aafd2e5 9751	5912313d6aafd2e5 9751
2610.09404v1.pdf	9b54a7037244e87b 19765	9b54a7037244e87b 19765
2610.09423v1.pdf	c890840c20425844 18633	2b7dfb6e787adb29 18936
2610.09429v1.pdf	d9df220a9690ace4 4874	d9df220a9690ace4 4874
2610.09445v1.pdf	65522e25c6b4a0e4 13601	65522e25c6b4a0e4 13601
2610.09452v1.pdf	cbfac66f8158170f 16430	cbfac66f8158170f 16430
2610.09469v1.pdf	11786aa4aa1d672f 17245	3a4a312c933697e1 17262
2610.09481v1.pdf	cc1cffaf54b2cdc2 6027	f220e63f36e0443d 5547
2610.09506v1.pdf	6bb6d6435d856082 20991	6bb6d6435d856082 20991
2610.09521v1.pdf	7205a094523d4019 22531	7205a094523d4019 22531
2610.09522v1.pdf	3afde9492d332ed0 28174	3afde9492d332ed0 28174
2610.09527v1.pdf	c3b9fe15b2c7bafa 6083	978b013d6daea102 6259
2610.09552v1.pdf	209265d8633d7535 11855	209265d8633d7535 11855
2610.09553v1.pdf	aae1e9b9d0148fd6 12185	aae1e9b9d0148fd6 12185
2610.09570v1.pdf	31b956f3727453a1 7408	31b956f3727453a1 7408
2610.09575v1.pdf	a990cc69f02bb941 19183	a990cc69f02bb941 19183
2610.09580v1.pdf	f867aa43dac906d7 6443	f867aa43dac906d7 6443
2610.09581v1.pdf	9c7662c23674d25e 8311	0aad2f982775664d 8311
2610.09601v1.pdf	ac64f88d8ecdf27a 12402	1b2e6d5c6d599974 12578
2610.09617v1.pdf	9148d8830976779d 3791	9148d8830976779d 3791
2610.09627v1.pdf	a74380b136ca6db1 15661	2957c002992d693e 15595
2610.09640v1.pdf	c3ee42acc518cb2a 5788	c3ee42acc518cb2a 5788
2610.09651v1.pdf	b8b064c874b44877 32728	b8b064c874b44877 32728
2610.09658v1.pdf	2793abb6723a5b9f 16983	e944f0d67bd41038 18574
2610.09661v1.pdf	bca4a4920441baac 12182	bca4a4920441baac 12182
2610.09665v1.pdf	d57fda1442a8147a 6595	PANIC
2610.09668v1.pdf	a55b537fb51aaa2b 15735	a55b537fb51aaa2b 15735
2610.09669v1.pdf	eddddd6c8fd7b53c 6667	eddddd6c8fd7b53c 6667
2610.09671v1.pdf	c40fd979a51c043f 7567	409ab4b09fead450 7548
2610.09682v1.pdf	777d22a7120d5fc1 4570	83901969a2646b0b 4571
2610.09684v1.pdf	3822db6d24011f34 12828	33d55c21351d25df 12824
2610.09697v1.pdf	2725bcbd70ff4944 13019	2725bcbd70ff4944 13019
2610.09703v1.pdf	1c2821556543cf2d 9686	c3ac96db1435a10e 9728
2610.09708v1.pdf	d2900e1888f6a488 8996	d2900e1888f6a488 8996
2610.09710v1.pdf	b24c81a93773bdc2 10503	b24c81a93773bdc2 10503
2610.09716v1.pdf	d7c02821d2b233cb 8445	78fd85b2c86e46a7 13267
2610.09717v1.pdf	e240d31b5dbdcb1e 10303	e240d31b5dbdcb1e 10303
2610.09722v1.pdf	80a71128d6a7bd5e 17953	80a71128d6a7bd5e 17953
2610.09724v1.pdf	0a534d830cdd2231 13001	18933da6f919ecf2 12995
2610.09725v1.pdf	213938a247146a0f 3622	213938a247146a0f 3622
2610.09730v1.pdf	66e330a787ece24f 43852	66e330a787ece24f 43852
2610.09733v1.pdf	e0ac649b529e6388 10103	34311d42058baed4 9666
2610.09738v1.pdf	f606950208c54728 11334	f606950208c54728 11334
2610.09745v1.pdf	a5427adddad1ee54 3856	a5427adddad1ee54 3856
2610.09756v1.pdf	100a80e1a17f53d0 10061	100a80e1a17f53d0 10061
2610.09761v1.pdf	07626b10ff5c9e73 6514	07626b10ff5c9e73 6514
2610.09762v1.pdf	1528e03f18512e3a 11959	1528e03f18512e3a 11959
2610.09767v1.pdf	68c8a0fc3f89e8d9 6166	68c8a0fc3f89e8d9 6166
2610.09768v1.pdf	3948bd12e094711f 16752	3948bd12e094711f 16752
2610.09769v1.pdf	2ef09fd630207b3c 2542	2ef09fd630207b3c 2542
2610.09772v1.pdf	67e8bf201157a845 12080	5cfb957c134e4e5f 12080
2610.09779v1.pdf	ee952ac94fd5ddd3 3938	ee952ac94fd5ddd3 3938
2610.09787v1.pdf	b81d98313566dd8c 39349	b81d98313566dd8c 39349
2610.09788v1.pdf	eab5e74b42f8d610 15210	2e0ac7da1cd1a0fb 15289
2610.09790v1.pdf	386f2942e7c74441 21921	386f2942e7c74441 21921
2610.09792v1.pdf	3a9a331dc805c91f 8324	b0b7b9adc88e8988 8470
2610.09793v1.pdf	7d73b07f7870f9c9 12579	7d73b07f7870f9c9 12579
2610.09795v1.pdf	728312cabcd1b50f 16990	1e161e7a3372e4f7 17018
2610.09801v1.pdf	PANIC	0c60c9d00dd6a4dc 12321
2610.09811v1.pdf	ab644ccc962cfcd0 13048	ab644ccc962cfcd0 13048
2610.09813v1.pdf	72b4a2741e886a31 16483	72b4a2741e886a31 16483
2610.09814v1.pdf	5af6bea23bc28876 14217	c3ec0ddb324f796d 14393
2610.09817v1.pdf	00642036715c29ba 5333	00642036715c29ba 5333
2610.09825v1.pdf	d7ba7d45ecb3e242 7548	d7ba7d45ecb3e242 7548
2610.09835v1.pdf	PANIC	b46959f3e5cf5561 15072
2610.09851v1.pdf	1ebb5092e7187667 5391	1ebb5092e7187667 5391
2610.09854v1.pdf	a76ceebb5860c660 13260	6abe99de6e120fc1 13260
2610.09858v1.pdf	de822b9680c0e958 13232	daa4aa8e1096a021 13234
2610.09869v1.pdf	e19f8600b5449529 21341	e19f8600b5449529 21341
2610.09872v1.pdf	ff8dd1a00532d2d4 27104	2d172b3ee20f8de5 27151
2610.09881v1.pdf	8072c8995343e902 5732	8bc22ae5a808c940 5736
2610.09882v1.pdf	8b408a80df945061 52717	8b408a80df945061 52717
2610.09883v1.pdf	72d188c8470a2766 5180	8be7c34a5658dc7d 5192
2610.09892v1.pdf	8bf07cbd68ecd1d8 10905	8bf07cbd68ecd1d8 10905
2610.09906v1.pdf	e25fedc8164b0e4a 5337	e25fedc8164b0e4a 5337
2610.09917v1.pdf	a8b5c0bcfc4de448 7091	a8b5c0bcfc4de448 7091
2610.09918v1.pdf	871eed5882567124 4445	871eed5882567124 4445
2610.09921v1.pdf	3f3bfec5dc7f57f0 9690	3553211871ab0c55 9840
2610.09930v1.pdf	b5f4229ff5180d3f 8678	b5f4229ff5180d3f 8678
2610.09934v1.pdf	39e5c40fcbaf5b86 7728	39e5c40fcbaf5b86 7728
2610.09965v1.pdf	b70cbea4810c82ad 11573	5312ec4ab7b4eb4a 11573
2610.09976v1.pdf	59aa9710969ea135 4058	b44d2117cbe6c3a9 4055
2610.09981v1.pdf	78fadf7d4b823533 18670	7440dbaa6ac52afe 18688
2610.09984v1.pdf	PANIC	PANIC
2610.10002v1.pdf	101a568b10102033 10048	101a568b10102033 10048
2610.10010v1.pdf	aeb1e60261c72751 14737	aeb1e60261c72751 14737
2610.10017v1.pdf	67be0c6921811685 13547	67be0c6921811685 13547
2610.10022v1.pdf	5d248b206d4fca18 40155	5d248b206d4fca18 40155
2610.10033v1.pdf	1a082726ca90fe27 21875	83222dad4dc3ba2d 21887
2610.10034v1.pdf	0d426ec9a98c327d 18882	0d426ec9a98c327d 18882
2610.10043v1.pdf	22028e56e98ed119 13195	22028e56e98ed119 13195
2610.10049v1.pdf	cdbc265048a8d355 6946	acef7ab91cce98a4 6953
2610.10058v1.pdf	854e55bf67580683 7278	e1f7434df37dccfb 7287
2610.10068v1.pdf	3b656f49a1b9a57a 35040	168875a7b5a2a4e5 35061
2610.10075v1.pdf	5e29a8c5ff0d5911 16835	5e29a8c5ff0d5911 16835
2610.10080v1.pdf	2b515692f4b946e5 32141	2b515692f4b946e5 32141
2610.10083v1.pdf	73ee033d9204d1af 37226	73ee033d9204d1af 37226
2610.10088v1.pdf	a4631a1ccf650c20 10499	a4631a1ccf650c20 10499
2610.10091v1.pdf	f65f90ca39b59b85 9623	093737980929aeea 9620
2610.10092v1.pdf	0fac92dbf2963173 25852	0fac92dbf2963173 25852
2610.10106v1.pdf	bdcd5f38abbf5850 4831	bdcd5f38abbf5850 4831
2610.10114v1.pdf	c4de857038e3ca76 42047	c4de857038e3ca76 42047
2610.10118v1.pdf	ebcc5830033775ad 7172	1beac689461623d0 7173
2610.10130v1.pdf	5348da4cd4aacb5b 6456	1fc475a562b78d38 6457
2610.10138v1.pdf	1ce2803859b40ed0 11611	c36e1d39b70d7272 11611
2610.10142v1.pdf	eedc8abfc9140866 16111	eedc8abfc9140866 16111
2610.10145v1.pdf	685ccd75b20b297d 11153	685ccd75b20b297d 11153
2610.10149v1.pdf	11eb7c61843c11cd 13615	11eb7c61843c11cd 13615
2610.10150v1.pdf	e7d6ba5ec94c9ea4 13988	e7d6ba5ec94c9ea4 13988
2610.10154v1.pdf	c19642349f7bb47b 5472	4a510a007698261e 5479
2610.10155v1.pdf	ebb09f38ae96ca40 4668	ccd7693a65a466c1 4669
2610.10162v1.pdf	904710a059079b0a 23517	904710a059079b0a 23517
2610.10167v1.pdf	PANIC	PANIC
2610.10168v1.pdf	a7439faf3c2eaca2 14167	a7439faf3c2eaca2 14167
2610.10176v1.pdf	9c674aa9e0257c98 8948	9c674aa9e0257c98 8948
2610.10179v1.pdf	0b04d0187abae6cd 10931	892b054bc2d2365b 11113
2610.10193v1.pdf	cb616a5d95cce802 4963	cb616a5d95cce802 4963
2610.10201v1.pdf	8656025a7c9004d2 6446	8656025a7c9004d2 6446
2610.10227v1.pdf	c987736953bcb7b1 11615	e30540ea53e9641f 11639
2610.10228v1.pdf	0d5bff8d9a8527a7 12643	0d5bff8d9a8527a7 12643
2610.10232v1.pdf	d9d34fc748fa7a24 12930	72e98c32a8d5ab67 12931
2610.10234v1.pdf	fe44f78be95cabb1 15959	fe44f78be95cabb1 15959
2610.10237v1.pdf	d04866a271e07704 25137	d04866a271e07704 25137
2610.10247v1.pdf	f884be2737dd833d 9183	f884be2737dd833d 9183
2610.10252v1.pdf	2bcaa43168ad8ea1 24766	2bcaa43168ad8ea1 24766
2610.10257v1.pdf	48ad04ae6a3fc742 20342	48ad04ae6a3fc742 20342
2610.10260v1.pdf	c213001d0fca111e 10585	78290346a2a9997c 10610
2610.10271v1.pdf	4d71eb459145217e 28766	003d5c75a7d03931 28769
2610.10276v1.pdf	5681417ff9a65bf2 11215	5681417ff9a65bf2 11215
2610.10278v1.pdf	6bd331d52a45653c 11292	6bd331d52a45653c 11292
2610.10287v1.pdf	671595b7ee36db40 5935	671595b7ee36db40 5935
2610.10289v1.pdf	95a92429a9435449 26778	ea7e8ec4f881e2fb 26686
2610.10293v1.pdf	8d22d78f244647a7 11241	8d22d78f244647a7 11241
2610.10294v1.pdf	0edc2a78e130bd6b 12141	0edc2a78e130bd6b 12141
2610.10299v1.pdf	2452da43d8d52a7c 22380	cc8a40718c1952ff 22403
2610.10301v1.pdf	5f11284e6b90aa05 12707	93b212d8b1a506a9 12564
2610.10302v1.pdf	d6bd08ba39b19036 12770	9f46df89497c3217 12799
2610.10304v1.pdf	6dfe93d27c3ed8bd 9916	6dfe93d27c3ed8bd 9916
2610.10305v1.pdf	32e754908cc81f97 17779	de55f22fa877fe15 17587
2610.10308v1.pdf	4de4857665318512 15843	831d50d96c39ef59 15830
2610.10309v1.pdf	190f3f15f9347257 5486	190f3f15f9347257 5486
2610.10310v1.pdf	d9b8309bd4811a8a 8220	d9b8309bd4811a8a 8220
2610.10311v1.pdf	2c8358804ad9b2a1 8392	2c8358804ad9b2a1 8392
2610.10313v1.pdf	d2b0eb66445755e4 4115	194890c5e807ca04 4067
2610.10317v1.pdf	9e63a1948003120b 11830	cf37e30ffd074351 11969
2610.10318v1.pdf	d3ac903e5d4f68dc 4414	d3ac903e5d4f68dc 4414
2610.10321v1.pdf	8fa8e057be4b889e 15026	3b6446bf08e40e87 15026
2610.10323v1.pdf	1e3d0a9bee107673 6161	1e3d0a9bee107673 6161
2610.10326v1.pdf	b7ddf46cb8a34d75 33555	b7ddf46cb8a34d75 33555
2610.10327v1.pdf	9f864ce293c13006 4248	9f864ce293c13006 4248
2610.10332v1.pdf	4c84516fc2eddd8e 8435	4c84516fc2eddd8e 8435
2610.10333v1.pdf	dfcaf1620f7828a7 13129	dfcaf1620f7828a7 13129
2610.10340v1.pdf	f1380939b7180cac 30441	f1e8bc5919e673c2 30543
2610.10345v1.pdf	92238cc6a77b8e23 18528	091eedd99c4cef13 18985
2610.10347v1.pdf	df26364e1a57a1e4 10075	acc47578ae212364 10069
2610.10349v1.pdf	03611721fde6b148 4644	03611721fde6b148 4644
2610.10351v1.pdf	661eb3104e956ec1 5084	661eb3104e956ec1 5084
2610.10360v1.pdf	837fbad36368363d 4878	837fbad36368363d 4878
2610.10361v1.pdf	262c6e077ca44842 8287	262c6e077ca44842 8287
2610.10362v1.pdf	3971438181266012 12502	3971438181266012 12502
2610.10366v1.pdf	d3a33210125b4520 8469	8a01666045a2589f 8519
2610.10367v1.pdf	fae02ac9d4874415 9758	f56e315fd35fe0ab 9752
2610.10368v1.pdf	e4e06d9eeb6d1de0 17993	3e0b9ca6a53169c9 18109
2610.10378v1.pdf	a9adbb0cf5acadd7 5949	a9adbb0cf5acadd7 5949
2610.10379v1.pdf	9b50627024590c77 14867	d83f36ae574f88b0 14864
2610.10380v1.pdf	64840474264b12a4 4206	64840474264b12a4 4206
2610.10381v1.pdf	PANIC	PANIC
2610.10383v1.pdf	368f6276c3908bc0 14924	0938c45565150b52 14965
2610.10385v1.pdf	3a9031741f257e62 14656	3a9031741f257e62 14656
2610.10393v1.pdf	84f8ba72a4b42cc8 18625	318474238bc05cb5 18636
2610.10394v1.pdf	f5ccbb184eb9ae2e 33277	dfd27fa94cb8f30d 33161
2610.10395v1.pdf	2fd831632b39ff55 20737	f11e97a8555e076b 21077
2610.10405v1.pdf	fcbd5ac8821ed210 9061	fcbd5ac8821ed210 9061
2610.10407v1.pdf	5890dc246a0d770c 7899	5890dc246a0d770c 7899
2610.10408v1.pdf	e89dea3c1f339166 45887	340acc6194fd9e13 45838
2610.10409v1.pdf	6ba040c696bd9a2e 24873	628f9c8222f954d1 24978
2610.10411v1.pdf	03eb96a7448b2dfe 13550	03eb96a7448b2dfe 13550
2610.10415v1.pdf	729ac3e74b19c4ee 4327	729ac3e74b19c4ee 4327
2610.10420v1.pdf	805ef48da14b74ae 5705	805ef48da14b74ae 5705
2610.10422v1.pdf	2b255db90512e247 5435	2b255db90512e247 5435
2610.10426v1.pdf	11eb4c7915e3e346 18646	df5e9d636921816d 18689
2610.10428v1.pdf	c604f636f955731c 11410	c604f636f955731c 11410
2610.10430v1.pdf	2f7e8dbb936ca1e6 14184	2f7e8dbb936ca1e6 14184
2610.10437v1.pdf	PANIC	PANIC
2610.10440v1.pdf	914914157a618c20 7781	3f23f121aa459082 7781
2610.10444v1.pdf	PANIC	PANIC
2610.10447v1.pdf	63b4e39910c93cf4 12805	f822f87bf570aaf2 13402
2610.10455v1.pdf	6344796cce111d94 16683	6344796cce111d94 16683
2610.10456v1.pdf	c69afb6f97ea9335 9728	c69afb6f97ea9335 9728
2610.10459v1.pdf	33dc300262b1436a 14192	1f6cbf84930a1af4 14200
2610.10460v1.pdf	b45a9626223c1e72 8114	5c12b9a6bb13e70d 8122
2610.10469v1.pdf	9707369f5b05818c 22918	9707369f5b05818c 22918
2610.10474v1.pdf	0f27618eb52e0f84 29282	0f27618eb52e0f84 29282
2610.10476v1.pdf	8a54f9cd80a13838 10198	8a54f9cd80a13838 10198
2610.10480v1.pdf	cb90e61a8b3a96e3 33481	b2269156649f8c38 33552
2610.10481v1.pdf	711693a55b405562 11605	711693a55b405562 11605
2610.10482v1.pdf	PANIC	149a514c68c46d26 11020
2610.10483v1.pdf	730b94d4d27471e7 10349	730b94d4d27471e7 10349
2610.10488v1.pdf	53b9150b9130c6a7 17516	53b9150b9130c6a7 17516
2610.10496v1.pdf	e0e597fd41d9b08b 2586	e0e597fd41d9b08b 2586
2610.10499v1.pdf	493f04f231343a0b 17898	493f04f231343a0b 17898
2610.10500v1.pdf	e82cab9fe47d6b44 16440	e82cab9fe47d6b44 16440
2610.10501v1.pdf	236ab9b4960ea225 74948	43285707236d2f69 74934
2610.10502v1.pdf	6ea8f036ec39f894 4432	6ea8f036ec39f894 4432
2610.10505v1.pdf	41ba14a34c473c58 54381	b15d4341a56de78e 54411
2610.10506v1.pdf	f69b0c4baa163a97 3903	f69b0c4baa163a97 3903
2610.10508v1.pdf	d561c5b264b20d24 9735	d561c5b264b20d24 9735
2610.10511v1.pdf	319cbc9e70a9e3b9 11437	319cbc9e70a9e3b9 11437
2610.10513v1.pdf	PANIC	af8822413158a167 13184
2610.10519v1.pdf	869cc7411a718e49 13713	869cc7411a718e49 13713
2610.10520v1.pdf	e6c2188b4016f2e2 10819	e6c2188b4016f2e2 10819
2610.10525v1.pdf	4325ba24bf3638f1 16550	4325ba24bf3638f1 16550
2610.10526v1.pdf	d2935391e14a7869 6363	d2935391e14a7869 6363
2610.10527v1.pdf	5ec5c67cd92c8930 16410	5ec5c67cd92c8930 16410
2610.10533v1.pdf	8015f59cd7ea0ca2 18747	247739ff7aa72e12 18860
2610.10536v1.pdf	2ac927ce63bba68e 9163	911186e73cbe4c36 9182
